[
  {
    "BirthCounty": null,
    "BirthDay": 2,
    "BirthMonth": 5,
    "BirthOrder": 0,
    "BirthYear": 1967,
    "FirstName": "Robert",
    "Gender": "",
    "IsPartOfMultipleBirth": null,
    "LastName": "Hanks",
    "MiddleName": "Paul",
    "MotherFirstName": null,
    "MotherLastName": null,
    "MotherMiddleName": null,
    "NewbornScreeningNumber": null,
    "ObjectId": 36,
    "Phone1": "435-349-0599",
    "Phone2": "385-934-4891",
    "SocialSecurityNumber": null,
    "StateFileNumber": "1967 65314"
  },
  {
    "BirthCounty": "Utah",
    "BirthDay": 25,
    "BirthMonth": 6,
    "BirthOrder": 0,
    "BirthYear": 2000,
    "FirstName": "Charles",
    "Gender": "M",
    "IsPartOfMultipleBirth": "F",
    "LastName": null,
    "MiddleName": "Henry",
    "MotherFirstName": "Cindy",
    "MotherLastName": "Davis",
    "MotherMiddleName": "L",
    "NewbornScreeningNumber": null,
    "ObjectId": 37,
    "Phone1": null,
    "Phone2": null,
    "SocialSecurityNumber": "085819036",
    "StateFileNumber": null
  }
]
