<?xml version="1.0"?>
<ArrayOfPerson xmlns:xsi="http://www.w3.org/2001/XMLSchema-instance" xmlns:xsd="http://www.w3.org/2001/XMLSchema">
  <Person>
    <ObjectId>827</ObjectId>
    <StateFileNumber>1964 28897</StateFileNumber>
    <SocialSecurityNumber>753258680</SocialSecurityNumber>
    <FirstName>Jane</FirstName>
    <MiddleName>Z&gt;@</MiddleName>
    <LastName>Isaacons</LastName>
    <BirthYear>1964</BirthYear>
    <BirthMonth>12</BirthMonth>
    <BirthDay>23</BirthDay>
    <Gender>F</Gender>
    <BirthOrder>0</BirthOrder>
    <Phone1>435-411-4536</Phone1>
  </Person>
  <Person>
    <ObjectId>828</ObjectId>
    <StateFileNumber>1983 48613</StateFileNumber>
    <FirstName>Nick</FirstName>
    <MiddleName />
    <LastName>Hanks</LastName>
    <BirthYear>1983</BirthYear>
    <BirthMonth>11</BirthMonth>
    <BirthDay>24</BirthDay>
    <Gender>M</Gender>
    <BirthOrder>0</BirthOrder>
    <Phone1>801-120-0501</Phone1>
  </Person>
  <Person>
    <ObjectId>829</ObjectId>
    <StateFileNumber>1998 61970</StateFileNumber>
    <FirstName>?PC;&lt;SD</FirstName>
    <LastName>Johnson</LastName>
    <BirthYear>1998</BirthYear>
    <BirthMonth>12</BirthMonth>
    <BirthDay>18</BirthDay>
    <Gender>F</Gender>
    <BirthOrder>0</BirthOrder>
    <Phone2>801-679-6128</Phone2>
  </Person>
  <Person>
    <ObjectId>830</ObjectId>
    <StateFileNumber>1961 41515</StateFileNumber>
    <SocialSecurityNumber>702680022</SocialSecurityNumber>
    <FirstName>Ester</FirstName>
    <LastName>Kilpack</LastName>
    <BirthYear>1961</BirthYear>
    <BirthMonth>10</BirthMonth>
    <BirthDay>1</BirthDay>
    <Gender>F</Gender>
    <BirthOrder>0</BirthOrder>
    <Phone1>801-246-1569</Phone1>
  </Person>
  <Person>
    <ObjectId>831</ObjectId>
    <StateFileNumber>1992 21753</StateFileNumber>
    <SocialSecurityNumber>173603071</SocialSecurityNumber>
    <FirstName>Wilma</FirstName>
    <LastName>Black</LastName>
    <BirthYear>1992</BirthYear>
    <BirthMonth>8</BirthMonth>
    <BirthDay>15</BirthDay>
    <Gender>F</Gender>
    <BirthOrder>0</BirthOrder>
    <Phone1>801-655-7101</Phone1>
  </Person>
  <Person>
    <ObjectId>832</ObjectId>
    <StateFileNumber>2002 57587</StateFileNumber>
    <FirstName>Frank</FirstName>
    <MiddleName>Paul</MiddleName>
    <LastName>Peterson</LastName>
    <BirthYear>2002</BirthYear>
    <BirthMonth>7</BirthMonth>
    <BirthDay>5</BirthDay>
    <Gender>M</Gender>
    <IsPartOfMultipleBirth>F</IsPartOfMultipleBirth>
    <BirthOrder>0</BirthOrder>
    <BirthCounty>Carbon</BirthCounty>
    <MotherFirstName>Ann</MotherFirstName>
    <MotherLastName>Newton</MotherLastName>
  </Person>
  <Person>
    <ObjectId>833</ObjectId>
    <StateFileNumber>2003 43353</StateFileNumber>
    <SocialSecurityNumber>055789960</SocialSecurityNumber>
    <FirstName>Edward</FirstName>
    <MiddleName>Zack</MiddleName>
    <LastName>Young</LastName>
    <BirthYear>2003</BirthYear>
    <BirthMonth>1</BirthMonth>
    <BirthDay>21</BirthDay>
    <Gender>M</Gender>
    <IsPartOfMultipleBirth>F</IsPartOfMultipleBirth>
    <BirthOrder>0</BirthOrder>
    <BirthCounty>Cache</BirthCounty>
    <MotherFirstName>Nancy</MotherFirstName>
    <MotherMiddleName>Brenda</MotherMiddleName>
    <MotherLastName>Kilpack</MotherLastName>
  </Person>
  <Person>
    <ObjectId>834</ObjectId>
    <StateFileNumber>2006 99424</StateFileNumber>
    <SocialSecurityNumber>547739817</SocialSecurityNumber>
    <FirstName>Wilma</FirstName>
    <BirthYear>2006</BirthYear>
    <BirthMonth>12</BirthMonth>
    <BirthDay>11</BirthDay>
    <Gender>F</Gender>
    <BirthOrder>0</BirthOrder>
    <BirthCounty />
    <MotherFirstName />
    <MotherLastName>Miglori</MotherLastName>
  </Person>
  <Person>
    <ObjectId>835</ObjectId>
    <SocialSecurityNumber>606631970</SocialSecurityNumber>
    <FirstName>Otto</FirstName>
    <LastName>Kilpack</LastName>
    <BirthYear>2002</BirthYear>
    <BirthMonth>2</BirthMonth>
    <BirthDay>1</BirthDay>
    <IsPartOfMultipleBirth>F</IsPartOfMultipleBirth>
    <BirthOrder>0</BirthOrder>
    <BirthCounty>Cache</BirthCounty>
    <MotherFirstName>Ivie</MotherFirstName>
    <MotherMiddleName>Hildaguard</MotherMiddleName>
    <MotherLastName>Davis</MotherLastName>
  </Person>
  <Person>
    <ObjectId>836</ObjectId>
    <StateFileNumber>2005 45436</StateFileNumber>
    <SocialSecurityNumber>135833479</SocialSecurityNumber>
    <MiddleName>Charles</MiddleName>
    <LastName>Young</LastName>
    <BirthYear>2005</BirthYear>
    <BirthMonth>2</BirthMonth>
    <BirthDay>22</BirthDay>
    <Gender>M</Gender>
    <IsPartOfMultipleBirth>F</IsPartOfMultipleBirth>
    <BirthOrder>0</BirthOrder>
    <BirthCounty />
    <MotherFirstName>Brenda</MotherFirstName>
    <MotherMiddleName>Lise</MotherMiddleName>
    <MotherLastName />
  </Person>
  <Person>
    <ObjectId>837</ObjectId>
    <SocialSecurityNumber>753258680</SocialSecurityNumber>
    <FirstName>Jane</FirstName>
    <MiddleName>Z&gt;@</MiddleName>
    <LastName>Isaacons</LastName>
    <BirthYear>1964</BirthYear>
    <BirthMonth>12</BirthMonth>
    <BirthDay>3</BirthDay>
    <Gender>F</Gender>
    <BirthOrder>0</BirthOrder>
  </Person>
  <Person>
    <ObjectId>838</ObjectId>
    <FirstName />
    <MiddleName>Sue</MiddleName>
    <LastName>Johnson</LastName>
    <BirthYear>1998</BirthYear>
    <BirthMonth>12</BirthMonth>
    <BirthDay>18</BirthDay>
    <Gender>F</Gender>
    <BirthOrder>0</BirthOrder>
    <Phone1>435-131-6595</Phone1>
    <Phone2>435-478-3095</Phone2>
  </Person>
  <Person>
    <ObjectId>839</ObjectId>
    <SocialSecurityNumber>173603071</SocialSecurityNumber>
    <FirstName>Wilma</FirstName>
    <LastName>Black</LastName>
    <BirthYear>1992</BirthYear>
    <BirthMonth>8</BirthMonth>
    <BirthDay>15</BirthDay>
    <Gender>F</Gender>
    <BirthOrder>0</BirthOrder>
  </Person>
  <Person>
    <ObjectId>840</ObjectId>
    <StateFileNumber>2003 43353</StateFileNumber>
    <FirstName>Edward</FirstName>
    <MiddleName>Zack</MiddleName>
    <LastName>Young</LastName>
    <BirthYear>2003</BirthYear>
    <BirthMonth>1</BirthMonth>
    <BirthDay>21</BirthDay>
    <Gender>M</Gender>
    <BirthOrder>0</BirthOrder>
    <Phone1>801-591-1643</Phone1>
  </Person>
  <Person>
    <ObjectId>841</ObjectId>
    <SocialSecurityNumber>055789960</SocialSecurityNumber>
    <FirstName>Edward</FirstName>
    <MiddleName>Zack</MiddleName>
    <LastName>Young</LastName>
    <BirthYear>2003</BirthYear>
    <BirthMonth>1</BirthMonth>
    <BirthDay>21</BirthDay>
    <Gender>M</Gender>
    <BirthOrder>0</BirthOrder>
  </Person>
  <Person>
    <ObjectId>842</ObjectId>
    <SocialSecurityNumber>547739817</SocialSecurityNumber>
    <FirstName>Nancy</FirstName>
    <MiddleName>Nancy</MiddleName>
    <LastName>Williamson</LastName>
    <BirthYear>2006</BirthYear>
    <BirthMonth>4</BirthMonth>
    <BirthDay>19</BirthDay>
    <Gender>F</Gender>
    <BirthOrder>0</BirthOrder>
    <Phone1>801-020-5668</Phone1>
    <Phone2>435-359-2589</Phone2>
  </Person>
  <Person>
    <ObjectId>843</ObjectId>
    <FirstName>Otto</FirstName>
    <LastName>Kilpack</LastName>
    <BirthYear>2002</BirthYear>
    <BirthMonth>2</BirthMonth>
    <BirthDay>1</BirthDay>
    <BirthOrder>0</BirthOrder>
    <Phone1>801-583-3732</Phone1>
  </Person>
  <Person>
    <ObjectId>844</ObjectId>
    <SocialSecurityNumber>753258680</SocialSecurityNumber>
    <FirstName>Jane</FirstName>
    <MiddleName>Z&gt;@</MiddleName>
    <LastName>Isaacons</LastName>
    <BirthYear>1964</BirthYear>
    <BirthMonth>3</BirthMonth>
    <BirthDay>11</BirthDay>
    <Gender>F</Gender>
    <BirthOrder>0</BirthOrder>
  </Person>
  <Person>
    <ObjectId>845</ObjectId>
    <FirstName>?PC;&lt;SD</FirstName>
    <LastName>Johnson</LastName>
    <BirthYear>1998</BirthYear>
    <BirthMonth>12</BirthMonth>
    <BirthDay>18</BirthDay>
    <Gender>F</Gender>
    <BirthOrder>0</BirthOrder>
  </Person>
  <Person>
    <ObjectId>846</ObjectId>
    <SocialSecurityNumber>702680022</SocialSecurityNumber>
    <FirstName>Ester</FirstName>
    <LastName>Kilpack</LastName>
    <BirthYear>1961</BirthYear>
    <BirthMonth>10</BirthMonth>
    <BirthDay>1</BirthDay>
    <Gender>F</Gender>
    <BirthOrder>0</BirthOrder>
  </Person>
  <Person>
    <ObjectId>847</ObjectId>
    <SocialSecurityNumber>173603071</SocialSecurityNumber>
    <FirstName>Ivie</FirstName>
    <MiddleName>Dianne</MiddleName>
    <LastName />
    <BirthYear>1992</BirthYear>
    <BirthMonth>1</BirthMonth>
    <BirthDay>4</BirthDay>
    <Gender>F</Gender>
    <BirthOrder>0</BirthOrder>
  </Person>
  <Person>
    <ObjectId>848</ObjectId>
    <SocialSecurityNumber>055789960</SocialSecurityNumber>
    <FirstName>Edward</FirstName>
    <MiddleName>Zack</MiddleName>
    <LastName>Young</LastName>
    <BirthYear>2003</BirthYear>
    <BirthMonth>1</BirthMonth>
    <BirthDay>21</BirthDay>
    <Gender>M</Gender>
    <BirthOrder>0</BirthOrder>
  </Person>
  <Person>
    <ObjectId>849</ObjectId>
    <SocialSecurityNumber>547739817</SocialSecurityNumber>
    <FirstName>Wilma</FirstName>
    <BirthYear>2006</BirthYear>
    <BirthMonth>11</BirthMonth>
    <BirthDay>10</BirthDay>
    <Gender>F</Gender>
    <BirthOrder>0</BirthOrder>
    <Phone2>462-4867</Phone2>
  </Person>
  <Person>
    <ObjectId>850</ObjectId>
    <SocialSecurityNumber>547739817</SocialSecurityNumber>
    <LastName>Davis</LastName>
    <BirthYear>2006</BirthYear>
    <BirthMonth>10</BirthMonth>
    <BirthDay>9</BirthDay>
    <Gender>F</Gender>
    <BirthOrder>0</BirthOrder>
    <Phone2>4SH[14-614-1523</Phone2>
  </Person>
  <Person>
    <ObjectId>851</ObjectId>
    <FirstName />
    <MiddleName>Michael</MiddleName>
    <LastName>Kilpack</LastName>
    <BirthYear>2002</BirthYear>
    <BirthMonth>2</BirthMonth>
    <BirthDay>1</BirthDay>
    <BirthOrder>0</BirthOrder>
  </Person>
  <Person>
    <ObjectId>852</ObjectId>
    <FirstName>Jane</FirstName>
    <MiddleName>Z&gt;@</MiddleName>
    <LastName>Isaacons</LastName>
    <BirthYear>1964</BirthYear>
    <BirthMonth>12</BirthMonth>
    <BirthDay>3</BirthDay>
    <Gender>F</Gender>
    <BirthOrder>0</BirthOrder>
    <Phone1>801-479-4465</Phone1>
  </Person>
  <Person>
    <ObjectId>853</ObjectId>
    <FirstName>Cindy</FirstName>
    <MiddleName>Mary</MiddleName>
    <LastName>Adams</LastName>
    <BirthYear>1998</BirthYear>
    <BirthMonth>10</BirthMonth>
    <BirthDay>27</BirthDay>
    <Gender>F</Gender>
    <BirthOrder>0</BirthOrder>
  </Person>
  <Person>
    <ObjectId>854</ObjectId>
    <FirstName>Edward</FirstName>
    <MiddleName>Zack</MiddleName>
    <LastName>Young</LastName>
    <BirthYear>2003</BirthYear>
    <BirthMonth>1</BirthMonth>
    <BirthDay>12</BirthDay>
    <Gender>M</Gender>
    <BirthOrder>0</BirthOrder>
  </Person>
  <Person>
    <ObjectId>855</ObjectId>
    <FirstName>Karl</FirstName>
    <MiddleName>Robert</MiddleName>
    <LastName>Kilpack</LastName>
    <BirthYear>2002</BirthYear>
    <BirthMonth>2</BirthMonth>
    <BirthDay>1</BirthDay>
    <BirthOrder>0</BirthOrder>
  </Person>
  <Person>
    <ObjectId>856</ObjectId>
    <StateFileNumber>1961 41515</StateFileNumber>
    <FirstName>Cindy</FirstName>
    <MiddleName>Lise</MiddleName>
    <LastName>Kilpack</LastName>
    <BirthYear>1961</BirthYear>
    <BirthMonth>10</BirthMonth>
    <BirthDay>1</BirthDay>
    <Gender>F</Gender>
    <BirthOrder>0</BirthOrder>
    <Phone1>435-302-7411</Phone1>
  </Person>
  <Person>
    <ObjectId>857</ObjectId>
    <SocialSecurityNumber>702680022</SocialSecurityNumber>
    <FirstName>Ester</FirstName>
    <LastName>Kilpack</LastName>
    <BirthYear>1961</BirthYear>
    <BirthMonth>10</BirthMonth>
    <BirthDay>1</BirthDay>
    <Gender>F</Gender>
    <BirthOrder>0</BirthOrder>
  </Person>
  <Person>
    <ObjectId>858</ObjectId>
    <StateFileNumber>1992 21753</StateFileNumber>
    <FirstName>Wilma</FirstName>
    <LastName>Black</LastName>
    <BirthYear>1992</BirthYear>
    <BirthMonth>6</BirthMonth>
    <BirthDay>9</BirthDay>
    <Gender>F</Gender>
    <BirthOrder>0</BirthOrder>
  </Person>
  <Person>
    <ObjectId>859</ObjectId>
    <SocialSecurityNumber>173603071</SocialSecurityNumber>
    <FirstName>Wilma</FirstName>
    <LastName>Black</LastName>
    <BirthYear>1992</BirthYear>
    <BirthMonth>8</BirthMonth>
    <BirthDay>15</BirthDay>
    <Gender>F</Gender>
    <BirthOrder>0</BirthOrder>
    <Phone1>801-609-3752</Phone1>
    <Phone2>435-008-6819</Phone2>
  </Person>
  <Person>
    <ObjectId>860</ObjectId>
    <FirstName />
    <MiddleName>Sue</MiddleName>
    <LastName>Johnson</LastName>
    <BirthYear>1998</BirthYear>
    <BirthMonth>5</BirthMonth>
    <BirthDay>22</BirthDay>
    <Gender>F</Gender>
    <BirthOrder>0</BirthOrder>
    <Phone1>435-035-5806</Phone1>
    <Phone2>385-535-6863</Phone2>
  </Person>
  <Person>
    <ObjectId>861</ObjectId>
    <FirstName>Edward</FirstName>
    <MiddleName>Zack</MiddleName>
    <LastName>Young</LastName>
    <BirthYear>2003</BirthYear>
    <BirthMonth>1</BirthMonth>
    <BirthDay>21</BirthDay>
    <Gender>M</Gender>
    <BirthOrder>0</BirthOrder>
  </Person>
  <Person>
    <ObjectId>862</ObjectId>
    <FirstName>Fran</FirstName>
    <MiddleName>Mary</MiddleName>
    <LastName>Miglori</LastName>
    <BirthYear>2006</BirthYear>
    <BirthMonth>11</BirthMonth>
    <BirthDay>10</BirthDay>
    <Gender>F</Gender>
    <BirthOrder>0</BirthOrder>
  </Person>
</ArrayOfPerson>