[
  {
    "BirthCounty": "Cache",
    "BirthDay": 11,
    "BirthMonth": 10,
    "BirthOrder": 0,
    "BirthYear": 1981,
    "FirstName": "Charles",
    "Gender": "M",
    "IsPartOfMultipleBirth": null,
    "LastName": "Chatterton",
    "MiddleName": "Frank",
    "MotherFirstName": "Mary",
    "MotherLastName": "Jane",
    "MotherMiddleName": "Chatterton",
    "NewbornScreeningNumber": "235B325",
    "ObjectId": 15,
    "Phone1": "801-805-7914",
    "Phone2": "435-402-5220",
    "SocialSecurityNumber": "765391905",
    "StateFileNumber": "1981 07346"
  },
  {
    "BirthCounty": null,
    "BirthDay": 3,
    "BirthMonth": 12,
    "BirthOrder": 0,
    "BirthYear": 1974,
    "FirstName": "Steven",
    "Gender": "M",
    "IsPartOfMultipleBirth": null,
    "LastName": "Johnson",
    "MiddleName": "Karl",
    "MotherFirstName": null,
    "MotherLastName": null,
    "MotherMiddleName": null,
    "NewbornScreeningNumber": null,
    "ObjectId": 16,
    "Phone1": "801-453-3963",
    "Phone2": "801-164-0917",
    "SocialSecurityNumber": null,
    "StateFileNumber": null
  },
  {
    "BirthCounty": null,
    "BirthDay": 23,
    "BirthMonth": 7,
    "BirthOrder": 0,
    "BirthYear": 1965,
    "FirstName": "Edward",
    "Gender": "M",
    "IsPartOfMultipleBirth": null,
    "LastName": "Oscarson",
    "MiddleName": "Steven",
    "MotherFirstName": null,
    "MotherLastName": null,
    "MotherMiddleName": null,
    "NewbornScreeningNumber": null,
    "ObjectId": 17,
    "Phone1": "801-076-0116",
    "Phone2": null,
    "SocialSecurityNumber": "260553223",
    "StateFileNumber": "1965 34832"
  },
  {
    "BirthCounty": null,
    "BirthDay": 2,
    "BirthMonth": 12,
    "BirthOrder": 0,
    "BirthYear": 2000,
    "FirstName": "James",
    "Gender": "F",
    "IsPartOfMultipleBirth": "F",
    "LastName": "Newton",
    "MiddleName": "Nathan",
    "MotherFirstName": null,
    "MotherLastName": "Adams",
    "MotherMiddleName": "",
    "NewbornScreeningNumber": null,
    "ObjectId": 18,
    "Phone1": null,
    "Phone2": null,
    "SocialSecurityNumber": "123588198",
    "StateFileNumber": "2000 70410"
  },
  {
    "BirthCounty": "",
    "BirthDay": 24,
    "BirthMonth": 8,
    "BirthOrder": 0,
    "BirthYear": 2004,
    "FirstName": "",
    "Gender": "F",
    "IsPartOfMultipleBirth": "F",
    "LastName": "Newton",
    "MiddleName": null,
    "MotherFirstName": "Kate",
    "MotherLastName": "Oscarson",
    "MotherMiddleName": "Kate",
    "NewbornScreeningNumber": null,
    "ObjectId": 19,
    "Phone1": null,
    "Phone2": null,
    "SocialSecurityNumber": null,
    "StateFileNumber": "2004 39330"
  },
  {
    "BirthCounty": "Utah",
    "BirthDay": 5,
    "BirthMonth": 9,
    "BirthOrder": 0,
    "BirthYear": 2006,
    "FirstName": "William",
    "Gender": "M",
    "IsPartOfMultipleBirth": "F",
    "LastName": "Hanks",
    "MiddleName": null,
    "MotherFirstName": "",
    "MotherLastName": "Miglori",
    "MotherMiddleName": null,
    "NewbornScreeningNumber": null,
    "ObjectId": 20,
    "Phone1": null,
    "Phone2": null,
    "SocialSecurityNumber": "889599589",
    "StateFileNumber": "2006 52047"
  },
  {
    "BirthCounty": null,
    "BirthDay": 11,
    "BirthMonth": 10,
    "BirthOrder": 0,
    "BirthYear": 1981,
    "FirstName": "Charles",
    "Gender": null,
    "IsPartOfMultipleBirth": null,
    "LastName": "",
    "MiddleName": "Frank",
    "MotherFirstName": null,
    "MotherLastName": null,
    "MotherMiddleName": null,
    "NewbornScreeningNumber": null,
    "ObjectId": 21,
    "Phone1": null,
    "Phone2": null,
    "SocialSecurityNumber": null,
    "StateFileNumber": "1981 07346"
  },
  {
    "BirthCounty": null,
    "BirthDay": 3,
    "BirthMonth": 12,
    "BirthOrder": 0,
    "BirthYear": 1974,
    "FirstName": "Steven",
    "Gender": "M",
    "IsPartOfMultipleBirth": null,
    "LastName": "T8H@Q",
    "MiddleName": "Karl",
    "MotherFirstName": null,
    "MotherLastName": null,
    "MotherMiddleName": null,
    "NewbornScreeningNumber": null,
    "ObjectId": 22,
    "Phone1": null,
    "Phone2": null,
    "SocialSecurityNumber": null,
    "StateFileNumber": "1974 63654"
  },
  {
    "BirthCounty": null,
    "BirthDay": 23,
    "BirthMonth": 7,
    "BirthOrder": 0,
    "BirthYear": 1965,
    "FirstName": "Edward",
    "Gender": "M",
    "IsPartOfMultipleBirth": null,
    "LastName": "Oscarson",
    "MiddleName": "Steven",
    "MotherFirstName": null,
    "MotherLastName": null,
    "MotherMiddleName": null,
    "NewbornScreeningNumber": null,
    "ObjectId": 23,
    "Phone1": "801-436-0917",
    "Phone2": "385-299-1730",
    "SocialSecurityNumber": "260553223",
    "StateFileNumber": null
  },
  {
    "BirthCounty": null,
    "BirthDay": 2,
    "BirthMonth": 12,
    "BirthOrder": 0,
    "BirthYear": 2000,
    "FirstName": "James",
    "Gender": "F",
    "IsPartOfMultipleBirth": null,
    "LastName": "Newton",
    "MiddleName": "Nathan",
    "MotherFirstName": null,
    "MotherLastName": null,
    "MotherMiddleName": null,
    "NewbornScreeningNumber": null,
    "ObjectId": 24,
    "Phone1": null,
    "Phone2": null,
    "SocialSecurityNumber": null,
    "StateFileNumber": null
  },
  {
    "BirthCounty": null,
    "BirthDay": 11,
    "BirthMonth": 10,
    "BirthOrder": 0,
    "BirthYear": 1981,
    "FirstName": "Charles",
    "Gender": null,
    "IsPartOfMultipleBirth": null,
    "LastName": "Robbins",
    "MiddleName": "Frank",
    "MotherFirstName": null,
    "MotherLastName": null,
    "MotherMiddleName": null,
    "NewbornScreeningNumber": null,
    "ObjectId": 25,
    "Phone1": null,
    "Phone2": null,
    "SocialSecurityNumber": "765391905",
    "StateFileNumber": null
  },
  {
    "BirthCounty": null,
    "BirthDay": 15,
    "BirthMonth": 8,
    "BirthOrder": 0,
    "BirthYear": 2000,
    "FirstName": "James",
    "Gender": "F",
    "IsPartOfMultipleBirth": null,
    "LastName": "Newton",
    "MiddleName": "Nathan",
    "MotherFirstName": null,
    "MotherLastName": null,
    "MotherMiddleName": null,
    "NewbornScreeningNumber": null,
    "ObjectId": 26,
    "Phone1": "435-619-3252",
    "Phone2": null,
    "SocialSecurityNumber": "123588134",
    "StateFileNumber": null
  },
  {
    "BirthCounty": null,
    "BirthDay": 19,
    "BirthMonth": 2,
    "BirthOrder": 0,
    "BirthYear": 2004,
    "FirstName": "",
    "Gender": "F",
    "IsPartOfMultipleBirth": null,
    "LastName": "Newton",
    "MiddleName": null,
    "MotherFirstName": null,
    "MotherLastName": null,
    "MotherMiddleName": null,
    "NewbornScreeningNumber": null,
    "ObjectId": 27,
    "Phone1": null,
    "Phone2": null,
    "SocialSecurityNumber": null,
    "StateFileNumber": null
  },
  {
    "BirthCounty": null,
    "BirthDay": 11,
    "BirthMonth": 8,
    "BirthOrder": 0,
    "BirthYear": 1981,
    "FirstName": "Charles",
    "Gender": null,
    "IsPartOfMultipleBirth": null,
    "LastName": "",
    "MiddleName": "Frank",
    "MotherFirstName": null,
    "MotherLastName": null,
    "MotherMiddleName": null,
    "NewbornScreeningNumber": null,
    "ObjectId": 28,
    "Phone1": null,
    "Phone2": null,
    "SocialSecurityNumber": null,
    "StateFileNumber": null
  },
  {
    "BirthCounty": null,
    "BirthDay": 3,
    "BirthMonth": 12,
    "BirthOrder": 0,
    "BirthYear": 1974,
    "FirstName": "Steven",
    "Gender": "M",
    "IsPartOfMultipleBirth": null,
    "LastName": "Thompson",
    "MiddleName": null,
    "MotherFirstName": null,
    "MotherLastName": null,
    "MotherMiddleName": null,
    "NewbornScreeningNumber": null,
    "ObjectId": 29,
    "Phone1": null,
    "Phone2": null,
    "SocialSecurityNumber": null,
    "StateFileNumber": null
  },
  {
    "BirthCounty": null,
    "BirthDay": 3,
    "BirthMonth": 12,
    "BirthOrder": 0,
    "BirthYear": 1974,
    "FirstName": "Henry",
    "Gender": "M",
    "IsPartOfMultipleBirth": null,
    "LastName": "Chatterton",
    "MiddleName": null,
    "MotherFirstName": "Susan",
    "MotherLastName": "Chatterton",
    "MotherMiddleName": "B",
    "NewbornScreeningNumber": null,
    "ObjectId": 30,
    "Phone1": null,
    "Phone2": null,
    "SocialSecurityNumber": "313489649",
    "StateFileNumber": null
  },
  {
    "BirthCounty": null,
    "BirthDay": 2,
    "BirthMonth": 12,
    "BirthOrder": 0,
    "BirthYear": 2000,
    "FirstName": "Jim",
    "Gender": "F",
    "IsPartOfMultipleBirth": null,
    "LastName": "Newton",
    "MiddleName": "Nathan",
    "MotherFirstName": null,
    "MotherLastName": null,
    "MotherMiddleName": null,
    "NewbornScreeningNumber": null,
    "ObjectId": 31,
    "Phone1": null,
    "Phone2": null,
    "SocialSecurityNumber": null,
    "StateFileNumber": null
  },
  {
    "BirthCounty": null,
    "BirthDay": 5,
    "BirthMonth": 9,
    "BirthOrder": 0,
    "BirthYear": 2006,
    "FirstName": "William",
    "Gender": "M",
    "IsPartOfMultipleBirth": null,
    "LastName": "Hanks",
    "MiddleName": null,
    "MotherFirstName": "Jane",
    "MotherLastName": "Hanks",
    "MotherMiddleName": "Ann",
    "NewbornScreeningNumber": null,
    "ObjectId": 32,
    "Phone1": null,
    "Phone2": null,
    "SocialSecurityNumber": null,
    "StateFileNumber": "2006 52047"
  },
  {
    "BirthCounty": null,
    "BirthDay": 2,
    "BirthMonth": 12,
    "BirthOrder": 0,
    "BirthYear": 2000,
    "FirstName": "G>",
    "Gender": "F",
    "IsPartOfMultipleBirth": null,
    "LastName": "Newton",
    "MiddleName": "Nathan",
    "MotherFirstName": null,
    "MotherLastName": null,
    "MotherMiddleName": null,
    "NewbornScreeningNumber": null,
    "ObjectId": 33,
    "Phone1": null,
    "Phone2": null,
    "SocialSecurityNumber": null,
    "StateFileNumber": null
  },
  {
    "BirthCounty": null,
    "BirthDay": 17,
    "BirthMonth": 10,
    "BirthOrder": 0,
    "BirthYear": 2000,
    "FirstName": "Jane",
    "Gender": "F",
    "IsPartOfMultipleBirth": null,
    "LastName": "Larson",
    "MiddleName": null,
    "MotherFirstName": null,
    "MotherLastName": null,
    "MotherMiddleName": null,
    "NewbornScreeningNumber": null,
    "ObjectId": 34,
    "Phone1": null,
    "Phone2": null,
    "SocialSecurityNumber": null,
    "StateFileNumber": null
  },
  {
    "BirthCounty": null,
    "BirthDay": 19,
    "BirthMonth": 2,
    "BirthOrder": 0,
    "BirthYear": 2004,
    "FirstName": "3\\<[E",
    "Gender": "F",
    "IsPartOfMultipleBirth": null,
    "LastName": "Williamson",
    "MiddleName": "Jane",
    "MotherFirstName": null,
    "MotherLastName": null,
    "MotherMiddleName": null,
    "NewbornScreeningNumber": null,
    "ObjectId": 35,
    "Phone1": null,
    "Phone2": null,
    "SocialSecurityNumber": null,
    "StateFileNumber": null
  },
  {
    "BirthCounty": "Cache",
    "BirthDay": 11,
    "BirthMonth": 10,
    "BirthOrder": 0,
    "BirthYear": 1981,
    "FirstName": "Charles",
    "Gender": "M",
    "IsPartOfMultipleBirth": null,
    "LastName": "Chatterton",
    "MiddleName": "Frank",
    "MotherFirstName": "Mary",
    "MotherLastName": "Jane",
    "MotherMiddleName": "Chatterton",
    "NewbornScreeningNumber": "235B325",
    "ObjectId": 1015,
    "Phone1": "801-805-7914",
    "Phone2": "435-402-5220",
    "SocialSecurityNumber": "765391905",
    "StateFileNumber": "1981 07346"
  },
  {
    "BirthCounty": null,
    "BirthDay": 5,
    "BirthMonth": 11,
    "BirthOrder": 0,
    "BirthYear": 1974,
    "FirstName": "Henry",
    "Gender": "M",
    "IsPartOfMultipleBirth": null,
    "LastName": "Chatterton",
    "MiddleName": null,
    "MotherFirstName": "Susan",
    "MotherLastName": "Chatterton",
    "MotherMiddleName": null,
    "NewbornScreeningNumber": null,
    "ObjectId": 1230,
    "Phone1": null,
    "Phone2": null,
    "SocialSecurityNumber": "313489649",
    "StateFileNumber": null
  },
  {
    "BirthCounty": null,
    "BirthDay": 5,
    "BirthMonth": 9,
    "BirthOrder": 0,
    "BirthYear": 2006,
    "FirstName": "William",
    "Gender": "M",
    "IsPartOfMultipleBirth": null,
    "LastName": "Hanks",
    "MiddleName": null,
    "MotherFirstName": "Jane",
    "MotherLastName": "Hanks",
    "MotherMiddleName": "Ann",
    "NewbornScreeningNumber": null,
    "ObjectId": 1332,
    "Phone1": null,
    "Phone2": null,
    "SocialSecurityNumber": null,
    "StateFileNumber": "2006 52047"
  }

]
